observation_date,NASDAQCOM
2021-06-09,13911.750
2021-06-10,14020.330
2021-06-11,14069.420
2021-06-14,14174.140
2021-06-15,14072.860
2021-06-16,14039.680
2021-06-17,14161.350
2021-06-18,14030.380
2021-06-21,14141.480
2021-06-22,14253.270
2021-06-23,14271.730
2021-06-24,14369.710
2021-06-25,14360.390
2021-06-28,14500.510
2021-06-29,14528.330
2021-06-30,14503.950
2021-07-01,14522.380
2021-07-02,14639.330
2021-07-05,
2021-07-06,14663.640
2021-07-07,14665.060
2021-07-08,14559.780
2021-07-09,14701.920
2021-07-12,14733.240
2021-07-13,14677.650
2021-07-14,14644.950
2021-07-15,14543.130
2021-07-16,14427.240
2021-07-19,14274.980
2021-07-20,14498.880
2021-07-21,14631.950
2021-07-22,14684.600
2021-07-23,14836.990
2021-07-26,14840.710
2021-07-27,14660.580
2021-07-28,14762.580
2021-07-29,14778.260
2021-07-30,14672.680
2021-08-02,14681.070
2021-08-03,14761.290
2021-08-04,14780.530
2021-08-05,14895.120
2021-08-06,14835.760
2021-08-09,14860.180
2021-08-10,14788.090
2021-08-11,14765.140
2021-08-12,14816.260
2021-08-13,14822.900
2021-08-16,14793.760
2021-08-17,14656.180
2021-08-18,14525.910
2021-08-19,14541.790
2021-08-20,14714.660
2021-08-23,14942.650
2021-08-24,15019.800
2021-08-25,15041.860
2021-08-26,14945.810
2021-08-27,15129.500
2021-08-30,15265.890
2021-08-31,15259.240
2021-09-01,15309.380
2021-09-02,15331.180
2021-09-03,15363.520
2021-09-06,
2021-09-07,15374.330
2021-09-08,15286.640
2021-09-09,15248.250
2021-09-10,15115.490
2021-09-13,15105.580
2021-09-14,15037.760
2021-09-15,15161.530
2021-09-16,15181.920
2021-09-17,15043.970
2021-09-20,14713.900
2021-09-21,14746.400
2021-09-22,14896.850
2021-09-23,15052.240
2021-09-24,15047.700
2021-09-27,14969.970
2021-09-28,14546.680
2021-09-29,14512.440
2021-09-30,14448.580
2021-10-01,14566.700
2021-10-04,14255.480
2021-10-05,14433.830
2021-10-06,14501.910
2021-10-07,14654.020
2021-10-08,14579.540
2021-10-11,14486.200
2021-10-12,14465.920
2021-10-13,14571.640
2021-10-14,14823.430
2021-10-15,14897.340
2021-10-18,15021.810
2021-10-19,15129.090
2021-10-20,15121.680
2021-10-21,15215.700
2021-10-22,15090.200
2021-10-25,15226.710
2021-10-26,15235.710
2021-10-27,15235.840
2021-10-28,15448.120
2021-10-29,15498.390
2021-11-01,15595.920
2021-11-02,15649.600
2021-11-03,15811.580
2021-11-04,15940.310
2021-11-05,15971.590
2021-11-08,15982.360
2021-11-09,15886.540
2021-11-10,15622.710
2021-11-11,15704.280
2021-11-12,15860.960
2021-11-15,15853.850
2021-11-16,15973.860
2021-11-17,15921.570
2021-11-18,15993.710
2021-11-19,16057.440
2021-11-22,15854.760
2021-11-23,15775.140
2021-11-24,15845.230
2021-11-25,
2021-11-26,15491.660
2021-11-29,15782.830
2021-11-30,15537.690
2021-12-01,15254.050
2021-12-02,15381.320
2021-12-03,15085.470
2021-12-06,15225.150
2021-12-07,15686.920
2021-12-08,15786.990
2021-12-09,15517.370
2021-12-10,15630.600
2021-12-13,15413.280
2021-12-14,15237.640
2021-12-15,15565.580
2021-12-16,15180.430
2021-12-17,15169.680
2021-12-20,14980.940
2021-12-21,15341.090
2021-12-22,15521.890
2021-12-23,15653.370
2021-12-24,
2021-12-27,15871.260
2021-12-28,15781.720
2021-12-29,15766.220
2021-12-30,15741.560
2021-12-31,15644.970
2022-01-03,15832.800
2022-01-04,15622.720
2022-01-05,15100.170
2022-01-06,15080.860
2022-01-07,14935.900
2022-01-10,14942.830
2022-01-11,15153.450
2022-01-12,15188.390
2022-01-13,14806.810
2022-01-14,14893.750
2022-01-17,
2022-01-18,14506.900
2022-01-19,14340.260
2022-01-20,14154.020
2022-01-21,13768.920
2022-01-24,13855.130
2022-01-25,13539.290
2022-01-26,13542.120
2022-01-27,13352.780
2022-01-28,13770.570
2022-01-31,14239.880
2022-02-01,14346.000
2022-02-02,14417.550
2022-02-03,13878.820
2022-02-04,14098.010
2022-02-07,14015.670
2022-02-08,14194.450
2022-02-09,14490.370
2022-02-10,14185.640
2022-02-11,13791.150
2022-02-14,13790.920
2022-02-15,14139.760
2022-02-16,14124.090
2022-02-17,13716.720
2022-02-18,13548.070
2022-02-21,
2022-02-22,13381.520
2022-02-23,13037.490
2022-02-24,13473.590
2022-02-25,13694.620
2022-02-28,13751.400
2022-03-01,13532.460
2022-03-02,13752.020
2022-03-03,13537.940
2022-03-04,13313.440
2022-03-07,12830.960
2022-03-08,12795.550
2022-03-09,13255.550
2022-03-10,13129.960
2022-03-11,12843.810
2022-03-14,12581.220
2022-03-15,12948.620
2022-03-16,13436.550
2022-03-17,13614.780
2022-03-18,13893.840
2022-03-21,13838.460
2022-03-22,14108.820
2022-03-23,13922.600
2022-03-24,14191.840
2022-03-25,14169.300
2022-03-28,14354.900
2022-03-29,14619.640
2022-03-30,14442.270
2022-03-31,14220.520
2022-04-01,14261.500
2022-04-04,14532.550
2022-04-05,14204.170
2022-04-06,13888.820
2022-04-07,13897.300
2022-04-08,13711.000
2022-04-11,13411.960
2022-04-12,13371.570
2022-04-13,13643.590
2022-04-14,13351.080
2022-04-15,
2022-04-18,13332.360
2022-04-19,13619.660
2022-04-20,13453.070
2022-04-21,13174.650
2022-04-22,12839.290
2022-04-25,13004.850
2022-04-26,12490.740
2022-04-27,12488.930
2022-04-28,12871.530
2022-04-29,12334.640
2022-05-02,12536.020
2022-05-03,12563.760
2022-05-04,12964.860
2022-05-05,12317.690
2022-05-06,12144.660
2022-05-09,11623.250
2022-05-10,11737.670
2022-05-11,11364.240
2022-05-12,11370.960
2022-05-13,11805.000
2022-05-16,11662.790
2022-05-17,11984.520
2022-05-18,11418.150
2022-05-19,11388.500
2022-05-20,11354.620
2022-05-23,11535.270
2022-05-24,11264.450
2022-05-25,11434.740
2022-05-26,11740.650
2022-05-27,12131.130
2022-05-30,
2022-05-31,12081.390
2022-06-01,11994.460
2022-06-02,12316.900
2022-06-03,12012.730
2022-06-06,12061.370
2022-06-07,12175.230
2022-06-08,12086.270
2022-06-09,11754.230
2022-06-10,11340.020
2022-06-13,10809.230
2022-06-14,10828.350
2022-06-15,11099.150
2022-06-16,10646.100
2022-06-17,10798.350
2022-06-20,
2022-06-21,11069.300
2022-06-22,11053.080
2022-06-23,11232.190
2022-06-24,11607.620
2022-06-27,11524.550
2022-06-28,11181.540
2022-06-29,11177.890
2022-06-30,11028.740
2022-07-01,11127.850
2022-07-04,
2022-07-05,11322.240
2022-07-06,11361.850
2022-07-07,11621.350
2022-07-08,11635.310
2022-07-11,11372.600
2022-07-12,11264.730
2022-07-13,11247.580
2022-07-14,11251.190
2022-07-15,11452.420
2022-07-18,11360.050
2022-07-19,11713.150
2022-07-20,11897.650
2022-07-21,12059.610
2022-07-22,11834.110
2022-07-25,11782.670
2022-07-26,11562.570
2022-07-27,12032.420
2022-07-28,12162.590
2022-07-29,12390.690
2022-08-01,12368.980
2022-08-02,12348.760
2022-08-03,12668.160
2022-08-04,12720.580
2022-08-05,12657.550
2022-08-08,12644.460
2022-08-09,12493.930
2022-08-10,12854.800
2022-08-11,12779.910
2022-08-12,13047.190
2022-08-15,13128.050
2022-08-16,13102.550
2022-08-17,12938.120
2022-08-18,12965.340
2022-08-19,12705.220
2022-08-22,12381.570
2022-08-23,12381.300
2022-08-24,12431.530
2022-08-25,12639.270
2022-08-26,12141.710
2022-08-29,12017.670
2022-08-30,11883.140
2022-08-31,11816.200
2022-09-01,11785.130
2022-09-02,11630.860
2022-09-05,
2022-09-06,11544.910
2022-09-07,11791.900
2022-09-08,11862.130
2022-09-09,12112.310
2022-09-12,12266.410
2022-09-13,11633.570
2022-09-14,11719.680
2022-09-15,11552.360
2022-09-16,11448.400
2022-09-19,11535.020
2022-09-20,11425.050
2022-09-21,11220.190
2022-09-22,11066.810
2022-09-23,10867.930
2022-09-26,10802.920
2022-09-27,10829.500
2022-09-28,11051.640
2022-09-29,10737.510
2022-09-30,10575.620
2022-10-03,10815.430
2022-10-04,11176.410
2022-10-05,11148.640
2022-10-06,11073.310
2022-10-07,10652.400
2022-10-10,10542.100
2022-10-11,10426.190
2022-10-12,10417.100
2022-10-13,10649.150
2022-10-14,10321.390
2022-10-17,10675.800
2022-10-18,10772.400
2022-10-19,10680.510
2022-10-20,10614.840
2022-10-21,10859.720
2022-10-24,10952.610
2022-10-25,11199.120
2022-10-26,10970.990
2022-10-27,10792.670
2022-10-28,11102.450
2022-10-31,10988.150
2022-11-01,10890.850
2022-11-02,10524.800
2022-11-03,10342.940
2022-11-04,10475.250
2022-11-07,10564.520
2022-11-08,10616.200
2022-11-09,10353.170
2022-11-10,11114.150
2022-11-11,11323.330
2022-11-14,11196.220
2022-11-15,11358.410
2022-11-16,11183.660
2022-11-17,11144.960
2022-11-18,11146.060
2022-11-21,11024.510
2022-11-22,11174.410
2022-11-23,11285.320
2022-11-24,
2022-11-25,11226.360
2022-11-28,11049.500
2022-11-29,10983.780
2022-11-30,11468.000
2022-12-01,11482.450
2022-12-02,11461.500
2022-12-05,11239.940
2022-12-06,11014.890
2022-12-07,10958.550
2022-12-08,11082.000
2022-12-09,11004.620
2022-12-12,11143.740
2022-12-13,11256.810
2022-12-14,11170.890
2022-12-15,10810.530
2022-12-16,10705.410
2022-12-19,10546.030
2022-12-20,10547.110
2022-12-21,10709.370
2022-12-22,10476.120
2022-12-23,10497.860
2022-12-26,
2022-12-27,10353.230
2022-12-28,10213.290
2022-12-29,10478.090
2022-12-30,10466.480
2023-01-02,
2023-01-03,10386.980
2023-01-04,10458.760
2023-01-05,10305.240
2023-01-06,10569.290
2023-01-09,10635.650
2023-01-10,10742.630
2023-01-11,10931.670
2023-01-12,11001.100
2023-01-13,11079.160
2023-01-16,
2023-01-17,11095.110
2023-01-18,10957.010
2023-01-19,10852.270
2023-01-20,11140.430
2023-01-23,11364.410
2023-01-24,11334.270
2023-01-25,11313.360
2023-01-26,11512.410
2023-01-27,11621.710
2023-01-30,11393.810
2023-01-31,11584.550
2023-02-01,11816.320
2023-02-02,12200.820
2023-02-03,12006.950
2023-02-06,11887.450
2023-02-07,12113.790
2023-02-08,11910.520
2023-02-09,11789.580
2023-02-10,11718.120
2023-02-13,11891.790
2023-02-14,11960.150
2023-02-15,12070.590
2023-02-16,11855.830
2023-02-17,11787.270
2023-02-20,
2023-02-21,11492.300
2023-02-22,11507.070
2023-02-23,11590.400
2023-02-24,11394.940
2023-02-27,11466.980
2023-02-28,11455.540
2023-03-01,11379.480
2023-03-02,11462.980
2023-03-03,11689.010
2023-03-06,11675.740
2023-03-07,11530.330
2023-03-08,11576.000
2023-03-09,11338.350
2023-03-10,11138.890
2023-03-13,11188.840
2023-03-14,11428.150
2023-03-15,11434.050
2023-03-16,11717.280
2023-03-17,11630.510
2023-03-20,11675.540
2023-03-21,11860.110
2023-03-22,11669.960
2023-03-23,11787.400
2023-03-24,11823.960
2023-03-27,11768.840
2023-03-28,11716.080
2023-03-29,11926.240
2023-03-30,12013.470
2023-03-31,12221.910
2023-04-03,12189.450
2023-04-04,12126.330
2023-04-05,11996.860
2023-04-06,12087.960
2023-04-07,
2023-04-10,12084.360
2023-04-11,12031.880
2023-04-12,11929.340
2023-04-13,12166.270
2023-04-14,12123.470
2023-04-17,12157.720
2023-04-18,12153.410
2023-04-19,12157.230
2023-04-20,12059.560
2023-04-21,12072.460
2023-04-24,12037.200
2023-04-25,11799.160
2023-04-26,11854.350
2023-04-27,12142.240
2023-04-28,12226.580
2023-05-01,12212.600
2023-05-02,12080.510
2023-05-03,12025.330
2023-05-04,11966.400
2023-05-05,12235.410
2023-05-08,12256.920
2023-05-09,12179.550
2023-05-10,12306.440
2023-05-11,12328.510
2023-05-12,12284.740
2023-05-15,12365.210
2023-05-16,12343.050
2023-05-17,12500.570
2023-05-18,12688.840
2023-05-19,12657.900
2023-05-22,12720.780
2023-05-23,12560.250
2023-05-24,12484.160
2023-05-25,12698.090
2023-05-26,12975.690
2023-05-29,
2023-05-30,13017.430
2023-05-31,12935.290
2023-06-01,13100.980
2023-06-02,13240.770
2023-06-05,13229.430
2023-06-06,13276.420
2023-06-07,13104.890
2023-06-08,13238.520
2023-06-09,13259.140
2023-06-12,13461.920
2023-06-13,13573.320
2023-06-14,13626.480
2023-06-15,13782.820
2023-06-16,13689.570
2023-06-19,
2023-06-20,13667.290
2023-06-21,13502.200
2023-06-22,13630.610
2023-06-23,13492.520
2023-06-26,13335.780
2023-06-27,13555.670
2023-06-28,13591.750
2023-06-29,13591.330
2023-06-30,13787.920
2023-07-03,13816.770
2023-07-04,
2023-07-05,13791.650
2023-07-06,13679.040
2023-07-07,13660.720
2023-07-10,13685.480
2023-07-11,13760.700
2023-07-12,13918.960
2023-07-13,14138.570
2023-07-14,14113.700
2023-07-17,14244.950
2023-07-18,14353.640
2023-07-19,14358.020
2023-07-20,14063.310
2023-07-21,14032.810
2023-07-24,14058.870
2023-07-25,14144.560
2023-07-26,14127.280
2023-07-27,14050.110
2023-07-28,14316.660
2023-07-31,14346.020
2023-08-01,14283.910
2023-08-02,13973.450
2023-08-03,13959.720
2023-08-04,13892.070
2023-08-07,13977.120
2023-08-08,13867.190
2023-08-09,13705.080
2023-08-10,13721.030
2023-08-11,13644.850
2023-08-14,13788.330
2023-08-15,13631.050
2023-08-16,13474.630
2023-08-17,13316.930
2023-08-18,13290.780
2023-08-21,13497.590
2023-08-22,13505.870
2023-08-23,13721.030
2023-08-24,13463.970
2023-08-25,13590.650
2023-08-28,13705.130
2023-08-29,13943.760
2023-08-30,14019.310
2023-08-31,14034.970
2023-09-01,14031.810
2023-09-04,
2023-09-05,14020.950
2023-09-06,13872.470
2023-09-07,13748.830
2023-09-08,13761.530
2023-09-11,13917.910
2023-09-12,13773.630
2023-09-13,13813.590
2023-09-14,13926.050
2023-09-15,13708.330
2023-09-18,13710.240
2023-09-19,13678.190
2023-09-20,13469.130
2023-09-21,13223.980
2023-09-22,13211.810
2023-09-25,13271.320
2023-09-26,13063.610
2023-09-27,13092.850
2023-09-28,13201.280
2023-09-29,13219.320
2023-10-02,13307.770
2023-10-03,13059.470
2023-10-04,13236.010
2023-10-05,13219.830
2023-10-06,13431.340
2023-10-09,13484.240
2023-10-10,13562.840
2023-10-11,13659.680
2023-10-12,13574.220
2023-10-13,13407.230
2023-10-16,13567.980
2023-10-17,13533.750
2023-10-18,13314.300
2023-10-19,13186.180
2023-10-20,12983.810
2023-10-23,13018.330
2023-10-24,13139.870
2023-10-25,12821.220
2023-10-26,12595.610
2023-10-27,12643.010
2023-10-30,12789.480
2023-10-31,12851.240
2023-11-01,13061.470
2023-11-02,13294.190
2023-11-03,13478.280
2023-11-06,13518.780
2023-11-07,13639.860
2023-11-08,13650.410
2023-11-09,13521.450
2023-11-10,13798.110
2023-11-13,13767.740
2023-11-14,14094.380
2023-11-15,14103.840
2023-11-16,14113.670
2023-11-17,14125.480
2023-11-20,14284.530
2023-11-21,14199.980
2023-11-22,14265.860
2023-11-23,
2023-11-24,14250.850
2023-11-27,14241.020
2023-11-28,14281.760
2023-11-29,14258.490
2023-11-30,14226.220
2023-12-01,14305.030
2023-12-04,14185.490
2023-12-05,14229.910
2023-12-06,14146.710
2023-12-07,14339.990
2023-12-08,14403.970
2023-12-11,14432.490
2023-12-12,14533.400
2023-12-13,14733.960
2023-12-14,14761.560
2023-12-15,14813.920
2023-12-18,14905.190
2023-12-19,15003.220
2023-12-20,14777.940
2023-12-21,14963.870
2023-12-22,14992.970
2023-12-25,
2023-12-26,15074.570
2023-12-27,15099.180
2023-12-28,15095.140
2023-12-29,15011.350
2024-01-01,
2024-01-02,14765.940
2024-01-03,14592.210
2024-01-04,14510.300
2024-01-05,14524.070
2024-01-08,14843.770
2024-01-09,14857.710
2024-01-10,14969.650
2024-01-11,14970.190
2024-01-12,14972.760
2024-01-15,
2024-01-16,14944.350
2024-01-17,14855.620
2024-01-18,15055.650
2024-01-19,15310.970
2024-01-22,15360.290
2024-01-23,15425.940
2024-01-24,15481.920
2024-01-25,15510.500
2024-01-26,15455.360
2024-01-29,15628.040
2024-01-30,15509.900
2024-01-31,15164.010
2024-02-01,15361.640
2024-02-02,15628.950
2024-02-05,15597.680
2024-02-06,15609.000
2024-02-07,15756.640
2024-02-08,15793.710
2024-02-09,15990.660
2024-02-12,15942.550
2024-02-13,15655.600
2024-02-14,15859.150
2024-02-15,15906.170
2024-02-16,15775.650
2024-02-19,
2024-02-20,15630.780
2024-02-21,15580.870
2024-02-22,16041.620
2024-02-23,15996.820
2024-02-26,15976.250
2024-02-27,16035.300
2024-02-28,15947.740
2024-02-29,16091.920
2024-03-01,16274.940
2024-03-04,16207.510
2024-03-05,15939.590
2024-03-06,16031.540
2024-03-07,16273.380
2024-03-08,16085.110
2024-03-11,16019.270
2024-03-12,16265.640
2024-03-13,16177.770
2024-03-14,16128.530
2024-03-15,15973.170
2024-03-18,16103.450
2024-03-19,16166.790
2024-03-20,16369.410
2024-03-21,16401.840
2024-03-22,16428.820
2024-03-25,16384.470
2024-03-26,16315.700
2024-03-27,16399.520
2024-03-28,16379.460
2024-03-29,
2024-04-01,16396.830
2024-04-02,16240.450
2024-04-03,16277.460
2024-04-04,16049.080
2024-04-05,16248.520
2024-04-08,16253.960
2024-04-09,16306.640
2024-04-10,16170.360
2024-04-11,16442.200
2024-04-12,16175.090
2024-04-15,15885.020
2024-04-16,15865.250
2024-04-17,15683.370
2024-04-18,15601.500
2024-04-19,15282.010
2024-04-22,15451.310
2024-04-23,15696.640
2024-04-24,15712.750
2024-04-25,15611.760
2024-04-26,15927.900
2024-04-29,15983.080
2024-04-30,15657.820
2024-05-01,15605.480
2024-05-02,15840.960
2024-05-03,16156.330
2024-05-06,16349.250
2024-05-07,16332.560
2024-05-08,16302.760
2024-05-09,16346.260
2024-05-10,16340.870
2024-05-13,16388.240
2024-05-14,16511.180
2024-05-15,16742.390
2024-05-16,16698.320
2024-05-17,16685.970
2024-05-20,16794.870
2024-05-21,16832.620
2024-05-22,16801.540
2024-05-23,16736.030
2024-05-24,16920.790
2024-05-27,
2024-05-28,17019.880
2024-05-29,16920.580
2024-05-30,16737.080
2024-05-31,16735.020
2024-06-03,16828.670
2024-06-04,16857.050
2024-06-05,17187.900
2024-06-06,17173.120
2024-06-07,17133.130
2024-06-10,17192.530
2024-06-11,17343.550
2024-06-12,17608.440
2024-06-13,17667.560
2024-06-14,17688.880
2024-06-17,17857.020
2024-06-18,17862.230
2024-06-19,
2024-06-20,17721.590
2024-06-21,17689.360
2024-06-24,17496.820
2024-06-25,17717.650
2024-06-26,17805.160
2024-06-27,17858.680
2024-06-28,17732.600
2024-07-01,17879.300
2024-07-02,18028.760
2024-07-03,18188.300
2024-07-04,
2024-07-05,18352.760
2024-07-08,18403.740
2024-07-09,18429.290
2024-07-10,18647.450
2024-07-11,18283.410
2024-07-12,18398.450
2024-07-15,18472.570
2024-07-16,18509.340
2024-07-17,17996.920
2024-07-18,17871.220
2024-07-19,17726.940
2024-07-22,18007.570
2024-07-23,17997.350
2024-07-24,17342.410
2024-07-25,17181.720
2024-07-26,17357.880
2024-07-29,17370.200
2024-07-30,17147.420
2024-07-31,17599.400
2024-08-01,17194.150
2024-08-02,16776.160
2024-08-05,16200.080
2024-08-06,16366.850
2024-08-07,16195.810
2024-08-08,16660.020
2024-08-09,16745.300
2024-08-12,16780.610
2024-08-13,17187.610
2024-08-14,17192.600
2024-08-15,17594.500
2024-08-16,17631.720
2024-08-19,17876.770
2024-08-20,17816.940
2024-08-21,17918.990
2024-08-22,17619.350
2024-08-23,17877.790
2024-08-26,17725.760
2024-08-27,17754.820
2024-08-28,17556.030
2024-08-29,17516.430
2024-08-30,17713.620
2024-09-02,
2024-09-03,17136.300
2024-09-04,17084.300
2024-09-05,17127.660
2024-09-06,16690.830
2024-09-09,16884.600
2024-09-10,17025.880
2024-09-11,17395.530
2024-09-12,17569.680
2024-09-13,17683.980
2024-09-16,17592.130
2024-09-17,17628.060
2024-09-18,17573.300
2024-09-19,18013.980
2024-09-20,17948.320
2024-09-23,17974.270
2024-09-24,18074.520
2024-09-25,18082.210
2024-09-26,18190.290
2024-09-27,18119.590
2024-09-30,18189.170
2024-10-01,17910.360
2024-10-02,17925.120
2024-10-03,17918.480
2024-10-04,18137.850
2024-10-07,17923.900
2024-10-08,18182.920
2024-10-09,18291.620
2024-10-10,18282.050
2024-10-11,18342.940
2024-10-14,18502.690
2024-10-15,18315.590
2024-10-16,18367.080
2024-10-17,18373.610
2024-10-18,18489.550
2024-10-21,18540.000
2024-10-22,18573.130
2024-10-23,18276.650
2024-10-24,18415.490
2024-10-25,18518.610
2024-10-28,18567.190
2024-10-29,18712.750
2024-10-30,18607.930
2024-10-31,18095.150
2024-11-01,18239.920
2024-11-04,18179.980
2024-11-05,18439.170
2024-11-06,18983.470
2024-11-07,19269.460
2024-11-08,19286.780
2024-11-11,19298.760
2024-11-12,19281.400
2024-11-13,19230.730
2024-11-14,19107.650
2024-11-15,18680.120
2024-11-18,18791.810
2024-11-19,18987.470
2024-11-20,18966.140
2024-11-21,18972.420
2024-11-22,19003.650
2024-11-25,19054.840
2024-11-26,19175.580
2024-11-27,19060.480
2024-11-28,
2024-11-29,19218.170
2024-12-02,19403.950
2024-12-03,19480.910
2024-12-04,19735.120
2024-12-05,19700.720
2024-12-06,19859.770
2024-12-09,19736.690
2024-12-10,19687.240
2024-12-11,20034.890
2024-12-12,19902.840
2024-12-13,19926.720
2024-12-16,20173.890
2024-12-17,20109.060
2024-12-18,19392.690
2024-12-19,19372.770
2024-12-20,19572.600
2024-12-23,19764.890
2024-12-24,20031.130
2024-12-25,
2024-12-26,20020.360
2024-12-27,19722.030
2024-12-30,19486.780
2024-12-31,19310.790
2025-01-01,
2025-01-02,19280.790
2025-01-03,19621.680
2025-01-06,19864.980
2025-01-07,19489.680
2025-01-08,19478.880
2025-01-09,
2025-01-10,19161.630
2025-01-13,19088.100
2025-01-14,19044.390
2025-01-15,19511.230
2025-01-16,19338.290
2025-01-17,19630.200
2025-01-20,
2025-01-21,19756.780
2025-01-22,20009.340
2025-01-23,20053.680
2025-01-24,19954.300
2025-01-27,19341.830
2025-01-28,19733.590
2025-01-29,19632.320
2025-01-30,19681.750
2025-01-31,19627.440
2025-02-03,19391.960
2025-02-04,19654.020
2025-02-05,19692.330
2025-02-06,19791.990
2025-02-07,19523.400
2025-02-10,19714.270
2025-02-11,19643.860
2025-02-12,19649.950
2025-02-13,19945.640
2025-02-14,20026.770
2025-02-17,
2025-02-18,20041.260
2025-02-19,20056.250
2025-02-20,19962.360
2025-02-21,19524.010
2025-02-24,19286.920
2025-02-25,19026.390
2025-02-26,19075.260
2025-02-27,18544.420
2025-02-28,18847.280
2025-03-03,18350.190
2025-03-04,18285.160
2025-03-05,18552.730
2025-03-06,18069.260
2025-03-07,18196.220
2025-03-10,17468.320
2025-03-11,17436.100
2025-03-12,17648.450
2025-03-13,17303.010
2025-03-14,17754.090
2025-03-17,17808.660
2025-03-18,17504.120
2025-03-19,17750.790
2025-03-20,17691.630
2025-03-21,17784.050
2025-03-24,18188.590
2025-03-25,18271.860
2025-03-26,17899.010
2025-03-27,17804.030
2025-03-28,17322.990
2025-03-31,17299.290
2025-04-01,17449.890
2025-04-02,17601.050
2025-04-03,16550.610
2025-04-04,15587.790
2025-04-07,15603.260
2025-04-08,15267.910
2025-04-09,17124.970
2025-04-10,16387.310
2025-04-11,16724.460
2025-04-14,16831.480
2025-04-15,16823.170
2025-04-16,16307.160
2025-04-17,16286.450
2025-04-18,
2025-04-21,15870.900
2025-04-22,16300.420
2025-04-23,16708.050
2025-04-24,17166.040
2025-04-25,17382.940
2025-04-28,17366.130
2025-04-29,17461.320
2025-04-30,17446.340
2025-05-01,17710.740
2025-05-02,17977.730
2025-05-05,17844.240
2025-05-06,17689.660
2025-05-07,17738.160
2025-05-08,17928.140
2025-05-09,17928.920
2025-05-12,18708.340
2025-05-13,19010.080
2025-05-14,19146.810
2025-05-15,19112.320
2025-05-16,19211.100
2025-05-19,19215.460
2025-05-20,19142.710
2025-05-21,18872.640
2025-05-22,18925.730
2025-05-23,18737.210
2025-05-26,
2025-05-27,19199.160
2025-05-28,19100.940
2025-05-29,19175.870
2025-05-30,19113.770
2025-06-02,19242.610
2025-06-03,19398.960
2025-06-04,19460.490
2025-06-05,19298.450
2025-06-06,19529.950
2025-06-09,19591.240
2025-06-10,19714.990
2025-06-11,19615.880
2025-06-12,19662.480
2025-06-13,19406.830
2025-06-16,19701.210
2025-06-17,19521.090
2025-06-18,19546.270
2025-06-19,
2025-06-20,19447.410
2025-06-23,19630.970
2025-06-24,19912.530
2025-06-25,19973.550
2025-06-26,20167.910
2025-06-27,20273.460
2025-06-30,20369.730
2025-07-01,20202.890
2025-07-02,20393.130
2025-07-03,20601.100
2025-07-04,
2025-07-07,20412.520
2025-07-08,20418.460
2025-07-09,20611.340
2025-07-10,20630.660
2025-07-11,20585.530
2025-07-14,20640.330
2025-07-15,20677.800
2025-07-16,20730.490
2025-07-17,20885.650
2025-07-18,20895.660
2025-07-21,20974.170
2025-07-22,20892.680
2025-07-23,21020.020
2025-07-24,21057.960
2025-07-25,21108.320
2025-07-28,21178.580
2025-07-29,21098.290
2025-07-30,21129.670
2025-07-31,21122.450
2025-08-01,20650.130
2025-08-04,21053.580
2025-08-05,20916.550
2025-08-06,21169.420
2025-08-07,21242.700
2025-08-08,21450.020
2025-08-11,21385.400
2025-08-12,21681.900
2025-08-13,21713.140
2025-08-14,21710.670
2025-08-15,21622.980
2025-08-18,21629.770
2025-08-19,21314.950
2025-08-20,21172.860
2025-08-21,21100.310
2025-08-22,21496.530
2025-08-25,21449.290
2025-08-26,21544.270
2025-08-27,21590.140
2025-08-28,21705.160
2025-08-29,21455.550
2025-09-01,
2025-09-02,21279.630
2025-09-03,21497.730
2025-09-04,21707.690
2025-09-05,21700.390
2025-09-08,21798.700
2025-09-09,21879.490
2025-09-10,21886.060
2025-09-11,22043.070
2025-09-12,22141.100
2025-09-15,22348.750
2025-09-16,22333.960
2025-09-17,22261.330
2025-09-18,22470.730
2025-09-19,22631.480
2025-09-22,22788.980
2025-09-23,22573.470
2025-09-24,22497.860
2025-09-25,22384.700
2025-09-26,22484.070
2025-09-29,22591.150
2025-09-30,22660.010
2025-10-01,22755.160
2025-10-02,22844.050
2025-10-03,22780.510
2025-10-06,22941.670
2025-10-07,22788.360
2025-10-08,23043.380
2025-10-09,23024.630
2025-10-10,22204.430
2025-10-13,22694.610
2025-10-14,22521.700
2025-10-15,22670.080
2025-10-16,22562.540
2025-10-17,22679.970
2025-10-20,22990.540
2025-10-21,22953.670
2025-10-22,22740.400
2025-10-23,22941.800
2025-10-24,23204.870
2025-10-27,23637.460
2025-10-28,23827.490
2025-10-29,23958.470
2025-10-30,23581.140
2025-10-31,23724.960
2025-11-03,23834.720
2025-11-04,23348.640
2025-11-05,23499.800
2025-11-06,23053.990
2025-11-07,23004.540
2025-11-10,23527.170
2025-11-11,23468.300
2025-11-12,23406.460
2025-11-13,22870.360
2025-11-14,22900.590
2025-11-17,22708.070
2025-11-18,22432.850
2025-11-19,22564.230
2025-11-20,22078.050
2025-11-21,22273.080
2025-11-24,22872.010
2025-11-25,23025.590
2025-11-26,23214.690
2025-11-27,
2025-11-28,23365.690
2025-12-01,23275.920
2025-12-02,23413.670
2025-12-03,23454.090
2025-12-04,23505.140
2025-12-05,23578.130
2025-12-08,23545.900
2025-12-09,23576.490
2025-12-10,23654.160
2025-12-11,23593.860
2025-12-12,23195.170
2025-12-15,23057.410
2025-12-16,23111.460
2025-12-17,22693.320
2025-12-18,23006.360
2025-12-19,23307.620
2025-12-22,23428.830
2025-12-23,23561.840
2025-12-24,23613.310
2025-12-25,
2025-12-26,23593.100
2025-12-29,23474.350
2025-12-30,23419.080
2025-12-31,23241.990
2026-01-01,
2026-01-02,23235.630
2026-01-05,23395.820
2026-01-06,23547.170
2026-01-07,23584.270
2026-01-08,23480.020
2026-01-09,23671.350
2026-01-12,23733.900
2026-01-13,23709.870
2026-01-14,23471.750
2026-01-15,23530.020
2026-01-16,23515.390
2026-01-19,
2026-01-20,22954.320
2026-01-21,23224.820
2026-01-22,23436.020
2026-01-23,23501.240
2026-01-26,23601.360
2026-01-27,23817.100
2026-01-28,23857.450
2026-01-29,23685.120
2026-01-30,23461.820
2026-02-02,23592.110
2026-02-03,23255.190
2026-02-04,22904.580
2026-02-05,22540.590
2026-02-06,23031.210
2026-02-09,23238.670
2026-02-10,23102.470
2026-02-11,23066.470
2026-02-12,22597.150
2026-02-13,22546.670
2026-02-16,
2026-02-17,22578.380
2026-02-18,22753.630
2026-02-19,22682.730
2026-02-20,22886.070
2026-02-23,22627.270
2026-02-24,22863.680
2026-02-25,23152.080
2026-02-26,22878.380
2026-02-27,22668.210
2026-03-02,22748.860
2026-03-03,22516.690
2026-03-04,22807.480
2026-03-05,22748.990
2026-03-06,22387.680
2026-03-09,22695.950
2026-03-10,22697.100
2026-03-11,22716.130
2026-03-12,22311.980
2026-03-13,22105.360
2026-03-16,22374.180
2026-03-17,22479.530
2026-03-18,22152.420
2026-03-19,22090.690
2026-03-20,21647.610
2026-03-23,21946.760
2026-03-24,21761.890
2026-03-25,21929.830
2026-03-26,21408.080
2026-03-27,20948.360
2026-03-30,20794.640
2026-03-31,21590.630
2026-04-01,21840.950
2026-04-02,21879.180
2026-04-03,
2026-04-06,21996.340
2026-04-07,22017.850
2026-04-08,22635.000
2026-04-09,22822.420
2026-04-10,22902.890
2026-04-13,23183.740
2026-04-14,23639.080
2026-04-15,24016.020
2026-04-16,24102.700
2026-04-17,24468.480
2026-04-20,24404.390
2026-04-21,24259.960
2026-04-22,24657.570
2026-04-23,24438.500
2026-04-24,24836.600
2026-04-27,24887.100
2026-04-28,24663.800
2026-04-29,24673.240
2026-04-30,24892.310
2026-05-01,25114.440
2026-05-04,25067.800
2026-05-05,25326.130
2026-05-06,25838.940
2026-05-07,25806.200
2026-05-08,26247.080
2026-05-11,26274.130
2026-05-12,26088.200
2026-05-13,26402.340
2026-05-14,26635.220
2026-05-15,26225.140
2026-05-18,26090.730
2026-05-19,25870.710
2026-05-20,26270.360
2026-05-21,26293.100
2026-05-22,26343.970
2026-05-25,
2026-05-26,26656.180
2026-05-27,26674.730
2026-05-28,26917.470
2026-05-29,26972.620
2026-06-01,27086.810
2026-06-02,27093.900
2026-06-03,26853.980
2026-06-04,26830.960
2026-06-05,25709.430
2026-06-08,25929.660
2026-06-09,25678.820
